{
  "projectType": [
    "sap.watt.uitools.ide.fiori",
    "com.sap.webide.hybrid.cordova"
  ],
  "generation": [
    {
      "templateId": "ui5template.basicSAPUI5ApplicationProject",
      "templateVersion": "1.32.0",
      "dateTimeStamp": "Wed, 13 Jan 2016 12:56:36 GMT"
    },
    {
      "templateId": "servicecatalog.connectivityComponent",
      "templateVersion": "0.0.0",
      "dateTimeStamp": "Wed, 13 Jan 2016 12:57:19 GMT"
    },
    {
      "templateId": "wysiwygtemplate.quickStart",
      "templateVersion": "0.0.0",
      "dateTimeStamp": "Sun, 28 Aug 2016 05:00:50 GMT"
    },
    {
      "templateId": "ui5template.basicSAPUI5ApplicationComponent",
      "templateVersion": "1.4.0",
      "dateTimeStamp": "Tue, 30 Aug 2016 11:51:39 GMT"
    }
  ],
  "translation": {
    "translationDomain": "",
    "supportedLanguages": "en,fr,de",
    "defaultLanguage": "en",
    "defaultI18NPropertyFile": "i18n.properties",
    "resourceModelName": "i18n"
  },
  "dataBinding": {
    "/webapp/view/View1.view.xml": {
      "entitySet": "Entity1_Set"
    }
  },
  "mockpreview": {
    "mockUri": "localService/metadata.xml",
    "metadataFilePath": "localService/metadata.xml",
    "loadJSONFiles": true,
    "loadCustomRequests": false,
    "mockRequestsFilePath": ""
  },
  "hcpdeploy": {
    "account": "i330052trial",
    "name": "resultdisplay",
    "lastVersionWeTriedToDeploy": "1.0.0"
  }
}