{
	"recipient" :[
		{
			"id" : "I330052",
			"name": "Rupali",
			"s1" : "100",
			"s2": " 100",
			"s3": "100",
			"s4": "100",
			"ss1" : "100",
			"g1" : "A+",
			"g2" : "A+",
			"g3" : "A+",
			"g4" : "A+",
			"ss2": " 100",
			"ss3": "100",
			"ss4": "100",
			"tot": "10"
			
		},
		{
		"id" : "I327586",
			"name": "Tejaswini",
			"s1" : "90",
			"s2": " 99",
			"s3": "90",
			"s4": "100",
			"ss1" : "100",
			"ss2": " 100",
			"ss3": "100",
			"ss4": "100",
			"g1" : "A+",
			"g2" : "A+",
			"g3" : "B+",
			"g4" : "A+",
			"tot": "9"
		},
		{
			"id" : "I329966",
			"name": "Vishal",
			"s1" : "80",
			"s2": " 89",
			"s3": "84",
			"s4": "90",
			"ss1" : "100",
			"ss2": " 100",
			"ss3": "100",
			"ss4": "100",
			"g1" : "A-",
			"g2" : "A+",
			"g3" : "A+",
			"g4" : "B+",
			"tot": "8.75"
			
		},
		{
			"id" : "I328372",
			"name": "Shubham",
			"s1" : "80",
			"s2": " 89",
			"s3": "84",
			"s4": "99",
			"ss1" : "100",
			"ss2": " 100",
			"ss3": "100",
			"ss4": "100",
			"g1" : "A-",
			"g2" : "A+",
			"g3" : "A+",
			"g4" : "A+",
			"tot": "9.75"
			
		},
		{
			"id" : "I322312",
			"name": "Saajan",
			"s1" : "89",
			"s2": " 79",
			"s3": "94",
			"s4": "90",
			"ss1" : "100",
			"ss2": " 100",
			"ss3": "100",
			"ss4": "100",
			"g1" : "A-",
			"g2" : "A+",
			"g3" : "A+",
			"g4" : "A+",
			"tot": "9"
		},
		{
			"id" : "I321345",
			"name": "Tanya",
			"s1" : "70",
			"s2": " 89",
			"s3": "90",
			"s4": "95",
			"ss1" : "100",
			"ss2": " 100",
			"ss3": "100",
			"ss4": "100",
			"g1" : "A+",
			"g2" : "A+",
			"g3" : "B+",
			"g4" : "B+",
			"tot": "8.75"
		},
		{
			"id" : "I33457",
			"name": "Param",
			"s1" : "70",
			"s2": " 99",
			"s3": "80",
			"s4": "92",
			"ss1" : "100",
			"ss2": " 100",
			"ss3": "100",
			"ss4": "100",
			"g1" : "A+",
			"g2" : "A+",
			"g3" : "B+",
			"g4" : "A+",
			"tot": "9"
		},
		{
			"id" : "I326772",
			"name": "Gautam",
			"s1" : "78",
			"s2": " 82",
			"s3": "80",
			"s4": "90",
			"ss1" : "100",
			"ss2": " 100",
			"ss3": "100",
			"ss4": "100",
			"g1" : "B+",
			"g2" : "B+",
			"g3" : "B+",
			"g4" : "A+",
			"tot": "8.5"
		},
		{
			"id" : "I329876",
			"name": "Chirag",
			"s1" : "85",
			"s2": " 80",
			"s3": "64",
			"s4": "99",
			"ss1" : "100",
			"ss2": " 100",
			"ss3": "100",
			"ss4": "100",
			"g1" : "A+",
			"g2" : "B+",
			"g3" : "B+",
			"g4" : "B+",
			"tot": "8.5"
		},
		{
			"id" : "I324565",
			"name": "Tanvi",
			"s1" : "90",
			"s2": " 79",
			"s3": "80",
			"s4": "94",
			"ss1" : "100",
			"ss2": " 100",
			"ss3": "100",
			"ss4": "100",
			"g1" : "A+",
			"g2" : "A+",
			"g3" : "B+",
			"g4" : "B+",
			"tot": "8.75"
		},
		{
			"id" : "I312345",
			"name": "Aman",
			"s1" : "80",
			"s2": " 81",
			"s3": "89",
			"s4": "95",
			"ss1" : "100",
			"ss2": " 100",
			"ss3": "100",
			"ss4": "100",
			"g1" : "A+",
			"g2" : "A+",
			"g3" : "B+",
			"g4" : "A+",
			"tot": "9"
		},
		{
			"id" : "I329876",
			"name": "Vinay",
			"s1" : "85",
			"s2": " 80",
			"s3": "64",
			"s4": "99",
			"ss1" : "100",
			"ss2": " 100",
			"ss3": "100",
			"ss4": "100",
			"g1" : "A+",
			"g2" : "B+",
			"g3" : "B+",
			"g4" : "A+",
			"tot": "8.5"
		}
	]
}